{
  "autoencoder": 0.1500256714727468,
  "isolation_forest": 0.010330645530273089,
  "one_class_svm": 12.796533472724555
}