{
  "autoencoder": 1.7958752676851293,
  "isolation_forest": 0.010330645530273089,
  "one_class_svm": 12.796533472724555
}