Air temperature [K],Process temperature [K],Rotational speed [rpm],Torque [Nm],Tool wear [min],Type_L,Type_M,Temp_Diff,Tool_wear_margin,Torque_per_rpm,active_errors,Type_H
303.5,311.7,1584,32.7,143,False,False,8.199999999999989,97,0.020643939393939395,0,True
298.8,310.0,1295,52.7,74,False,True,11.199999999999989,166,0.0406949806949807,0,False
298.4,308.5,1741,32.8,112,True,False,10.100000000000023,128,0.01883974727168294,0,False
303.8,313.0,1789,23.5,215,False,True,9.199999999999989,25,0.013135830072666294,0,False
300.9,310.7,1477,43.2,143,True,False,9.800000000000011,97,0.029248476641841572,0,False
